study_hours,attendance,previous_score,assignments_completed,sleep_hours,final_score
4.37,84.91,46.11,3,7.11,47.96
9.56,76.8,67.51,7,7.03,73.46
7.59,65.48,87.38,6,7.02,73.79
6.39,90.69,78.93,10,7.22,78.77
2.4,84.24,83.39,6,7.54,56.8
2.4,58.13,74.53,3,8.12,45.44
1.52,95.55,76.54,6,5.71,51.76
8.8,91.13,85.95,5,8.21,82.76
6.41,97.49,49.98,8,6.74,66.1
7.37,86.29,64.37,7,4.85,72.12
1.19,80.67,48.27,3,4.76,34.36
9.73,70.91,94.26,6,6.0,85.13
8.49,96.64,91.64,8,8.03,82.05
2.91,93.3,37.37,8,7.68,41.54
2.64,52.26,77.33,6,8.05,51.56
2.65,51.32,90.51,10,6.83,62.7
3.74,68.82,45.83,5,6.48,39.24
5.72,90.53,69.08,4,5.16,57.03
4.89,99.36,89.93,5,5.98,64.59
3.62,57.52,37.04,6,6.45,36.76
6.51,79.71,76.85,7,4.9,62.28
2.26,69.04,52.84,4,5.49,38.13
3.63,98.5,90.46,3,7.19,76.87
4.3,92.11,93.26,5,7.81,70.43
5.1,91.92,91.66,6,8.99,68.23
8.07,73.43,63.45,5,8.7,63.96
2.8,70.74,86.72,4,7.39,64.81
5.63,63.67,85.67,9,6.4,78.61
6.33,52.82,54.15,5,7.36,44.43
1.42,93.24,84.73,3,8.04,61.88
6.47,90.65,37.22,3,5.03,40.0
2.53,99.99,70.78,2,6.34,52.21
1.59,99.83,48.8,5,8.28,55.42
9.54,77.77,42.23,10,6.23,54.92
9.69,88.45,39.62,8,7.07,61.7
8.28,97.24,76.78,8,7.14,81.18
3.74,92.48,55.39,8,5.33,56.43
1.88,62.37,78.49,9,6.13,56.81
7.16,72.53,38.92,2,6.01,42.36
4.96,56.46,53.92,9,4.62,45.91
2.1,97.7,67.37,5,4.61,51.54
5.46,80.31,82.44,5,8.24,68.08
1.31,61.43,54.13,5,5.73,38.04
9.18,83.59,72.55,7,6.83,73.37
3.33,80.91,88.16,8,5.84,69.0
6.96,67.91,71.95,7,8.73,68.34
3.81,55.68,48.98,2,5.67,38.57
5.68,83.58,36.46,9,6.43,47.69
5.92,76.02,87.21,8,8.43,69.51
2.66,88.62,36.28,7,8.29,46.18
9.73,76.01,87.48,7,5.34,77.09
7.98,92.61,66.74,6,8.11,68.32
9.46,77.6,91.34,7,6.56,81.9
9.05,78.05,82.93,10,6.67,88.27
6.38,93.83,94.88,10,5.1,74.65
9.3,70.17,56.04,9,4.86,75.58
1.8,56.7,81.03,10,7.78,64.47
2.76,51.44,59.12,9,6.73,47.68
1.41,87.76,63.79,9,6.47,52.47
3.93,81.02,72.65,2,7.78,56.79
4.5,85.2,87.42,6,7.94,73.62
3.44,60.65,94.05,5,5.22,64.71
8.46,56.82,81.1,3,7.25,69.95
4.21,50.73,60.07,9,5.11,48.85
3.53,67.53,60.28,4,7.88,47.07
5.88,79.5,79.25,5,7.46,66.87
2.27,69.61,49.33,8,8.8,44.78
8.22,71.87,41.63,10,4.81,58.39
1.67,95.21,56.28,3,4.76,42.75
9.88,67.41,52.23,4,5.77,45.0
7.95,75.7,52.78,5,5.68,57.48
2.79,89.18,49.02,2,5.61,38.84
1.05,69.83,37.53,8,8.58,35.53
8.34,81.1,36.07,3,5.62,43.52
7.36,93.12,94.26,6,5.72,85.49
7.56,97.48,60.67,2,7.92,65.79
7.94,57.35,58.06,4,6.52,50.95
1.67,96.33,75.78,3,8.0,57.8
4.23,74.61,48.1,2,4.79,33.27
2.04,62.91,92.0,8,6.69,58.42
8.77,72.96,82.18,6,4.65,69.86
6.61,99.0,40.36,2,4.78,47.41
3.98,74.63,60.05,7,8.58,59.08
1.57,66.44,87.75,6,5.13,58.18
3.8,81.67,91.68,4,6.9,70.08
3.93,62.01,63.04,8,6.35,54.27
7.57,53.79,71.8,10,6.06,64.45
6.74,56.44,45.02,10,8.55,56.12
8.98,56.4,94.47,10,4.6,84.7
5.25,57.6,48.9,3,7.49,45.21
2.08,56.94,91.56,4,8.84,65.36
7.42,82.04,73.98,8,7.02,75.15
7.85,59.09,71.46,6,8.72,68.81
6.05,67.28,65.76,3,4.74,55.64
7.94,94.84,48.84,4,6.38,56.14
5.44,73.7,45.59,7,5.67,43.05
5.7,83.38,48.23,8,7.79,54.46
4.85,58.62,46.19,10,8.92,48.12
1.23,59.61,81.78,2,5.65,43.47
1.97,52.04,56.01,8,7.44,42.33
1.28,58.45,38.47,9,5.39,27.8
6.73,63.93,93.15,4,7.04,71.04
3.83,58.85,88.03,5,6.59,53.95
5.58,54.44,90.67,7,8.87,73.52
9.17,56.03,94.69,8,7.24,83.39
3.24,73.04,45.43,5,6.07,35.37
4.69,60.32,58.77,9,5.01,53.45
7.8,68.21,80.49,6,5.18,72.52
3.06,75.17,76.76,2,5.51,44.65
1.69,84.52,44.23,5,5.63,32.53
3.61,51.97,83.95,4,8.33,55.56
2.45,89.97,48.47,10,7.03,45.8
9.37,81.4,48.43,9,6.86,67.57
8.27,54.09,67.22,2,5.02,53.65
6.7,93.68,70.58,7,8.37,70.57
8.84,96.04,69.81,10,7.75,72.21
8.23,53.05,40.49,8,4.8,49.43
2.68,63.84,87.65,5,7.69,56.01
9.03,90.31,50.94,2,6.95,57.82
5.85,87.41,42.77,3,4.87,43.54
8.27,59.23,88.32,6,6.56,80.0
9.06,60.47,92.34,6,6.68,74.03
3.86,68.52,86.73,9,5.25,53.94
1.99,74.23,83.57,7,8.76,63.95
3.05,80.91,74.31,9,8.32,71.38
4.84,68.45,68.05,3,7.51,58.83
8.36,73.13,40.22,4,6.58,49.4
8.75,87.37,59.51,7,6.35,64.61
1.06,51.83,57.36,4,7.43,39.25
5.6,62.62,50.59,7,6.95,45.54
4.76,85.67,78.41,7,4.78,65.8
3.0,94.76,64.75,3,6.81,53.49
2.08,75.58,39.86,8,8.13,44.28
4.04,76.61,48.21,3,6.57,52.13
9.49,55.36,76.0,7,4.73,70.3
3.91,72.37,39.57,2,8.04,34.02
5.67,76.63,86.07,4,5.41,65.61
7.33,62.12,64.71,3,5.66,47.38
4.27,63.46,63.84,8,5.24,49.39
9.75,68.86,70.54,5,5.99,66.75
9.66,51.0,84.48,9,7.91,78.25
3.27,66.1,55.87,7,6.84,47.41
5.48,60.57,75.68,5,5.42,54.32
3.71,66.37,68.94,6,8.45,60.79
3.56,55.99,51.02,10,8.46,49.21
1.33,94.53,87.72,8,8.42,68.6
6.49,79.68,82.85,10,5.57,73.42
5.52,83.96,74.51,8,6.53,67.95
1.46,89.46,86.03,2,8.93,63.31
3.51,74.92,87.04,9,7.97,67.17
9.17,54.35,77.5,5,4.62,63.15
3.16,76.86,85.22,4,4.79,56.62
2.3,79.34,76.85,8,6.59,54.02
5.41,87.27,75.81,4,8.59,63.01
9.87,71.58,72.12,9,6.92,74.83
3.18,56.38,80.16,7,6.74,61.34
7.05,64.19,44.52,6,4.97,46.96
7.85,68.15,87.85,5,7.46,75.83
3.14,82.3,87.31,9,8.2,75.04
7.55,78.54,36.75,9,6.21,51.03
4.31,67.8,84.55,2,7.99,62.42
6.69,99.33,42.73,10,8.84,61.61
6.7,80.29,55.11,6,5.42,55.78
5.82,61.86,79.61,5,6.85,60.75
1.81,55.09,44.65,7,5.79,23.32
8.52,57.64,84.08,7,8.07,75.58
3.89,62.3,84.93,3,7.1,64.52
2.68,58.03,65.45,9,7.36,56.01
1.37,59.33,35.38,8,8.09,36.28
6.32,64.25,52.22,2,6.28,49.97
7.1,58.67,72.02,6,8.62,65.88
1.15,94.84,93.87,7,6.9,68.82
5.61,54.01,72.91,5,5.21,52.33
3.04,76.23,50.59,3,7.63,40.05
6.81,70.52,73.04,5,8.07,68.04
2.57,99.12,67.4,2,5.93,54.88
7.22,55.6,81.79,8,8.36,72.25
4.48,69.89,41.42,3,8.58,38.37
9.43,98.47,80.66,3,5.75,76.1
2.24,93.28,67.48,10,8.93,65.38
4.07,90.85,92.78,6,5.13,64.5
2.02,62.9,55.51,3,5.41,26.19
9.32,58.54,72.96,10,5.33,69.86
8.9,83.43,90.92,10,8.52,85.72
3.32,96.47,41.15,2,7.44,37.3
6.94,77.84,91.23,4,5.18,71.18
8.35,78.58,76.27,5,6.48,68.8
6.0,64.0,39.07,8,7.27,51.99
5.77,88.47,53.06,5,4.88,51.99
3.18,59.35,77.49,3,8.47,55.56
1.84,66.18,39.04,8,8.12,39.55
9.07,71.27,69.93,7,6.77,66.02
9.1,75.38,55.75,4,8.85,67.04
6.7,62.12,72.25,7,6.38,62.95
4.05,55.74,37.74,7,8.93,42.62
4.14,80.53,87.29,6,7.51,64.66
7.53,64.43,93.41,5,7.36,70.17
9.07,79.06,93.13,2,5.25,79.37
8.98,57.72,79.98,7,8.47,77.2
8.02,74.06,42.81,3,6.42,44.13
6.78,76.63,80.5,4,5.23,61.79
1.76,52.59,36.48,9,4.56,33.19
2.45,66.83,36.33,7,7.02,29.6
9.09,56.72,54.42,4,6.87,61.98
6.46,53.17,64.32,8,7.74,56.2
1.08,99.5,81.22,5,8.51,64.2
1.91,66.12,76.0,10,4.86,53.97
6.97,90.49,61.75,6,7.79,67.09
1.05,62.73,51.42,4,5.34,29.58
2.45,84.08,94.83,3,8.36,66.12
5.94,88.01,60.57,3,8.19,57.7
7.23,79.78,62.08,4,6.93,55.48
6.87,73.58,44.82,3,7.7,50.63
3.02,70.59,82.69,5,5.91,55.76
7.41,67.44,76.62,3,6.62,62.81
3.14,96.48,48.25,10,8.2,50.3
3.93,91.53,39.94,3,6.57,28.99
7.72,98.25,75.83,10,6.11,77.83
6.85,56.21,74.27,7,6.72,73.73
8.64,86.54,51.4,2,8.23,61.13
6.92,96.92,92.05,5,6.01,78.44
6.11,59.06,44.06,2,5.28,36.42
1.84,53.32,60.94,7,7.7,44.72
4.31,87.06,91.62,5,8.22,75.02
3.39,78.72,60.18,4,4.95,40.56
3.2,92.09,73.31,4,5.58,60.08
9.76,56.99,58.86,10,5.14,67.71
4.54,89.76,51.45,7,6.07,54.12
9.03,60.08,94.04,10,6.53,86.76
6.68,58.18,59.56,6,7.87,56.45
8.15,58.21,88.65,3,7.43,74.33
5.52,90.73,48.8,9,7.29,59.35
6.19,83.26,47.79,6,6.09,49.55
5.43,76.15,36.87,3,8.29,38.67
2.76,67.94,74.1,5,6.62,53.35
7.5,93.86,57.11,10,8.91,77.24
3.53,69.62,86.86,5,7.35,58.44
1.22,90.83,63.39,5,5.07,39.43
6.81,71.96,93.09,3,7.54,74.17
2.59,68.85,46.13,7,5.96,39.13
9.46,73.13,87.12,3,7.59,78.12
9.59,65.07,81.6,8,4.81,76.41
9.23,87.38,81.26,4,5.29,73.41
4.33,75.14,85.69,4,8.35,72.1
1.14,61.61,80.66,6,5.52,44.33
9.35,94.98,72.57,4,8.27,72.52
4.85,69.19,42.87,3,5.76,37.16
9.7,77.18,36.95,10,7.39,53.5
9.67,95.32,90.25,3,7.62,83.48
8.68,81.21,72.0,3,6.81,74.16
3.65,55.84,82.79,9,5.87,61.79
4.47,96.99,63.89,10,5.46,63.26
8.66,81.39,42.04,8,4.65,49.25
3.85,66.75,42.51,4,5.87,33.28
2.53,56.96,76.13,10,7.44,57.49
6.01,89.7,60.82,4,8.72,59.03
9.43,81.0,47.03,6,8.42,67.13
7.26,76.67,64.5,10,7.95,71.85
6.13,94.69,38.85,4,8.05,44.07
1.87,89.43,69.92,8,7.49,58.84
6.54,57.58,51.14,2,5.67,44.73
9.91,65.59,82.85,5,8.58,83.39
2.26,62.42,53.62,5,7.52,46.95
5.66,87.2,62.31,8,7.02,58.31
8.9,51.68,35.7,9,5.0,44.06
7.67,78.49,39.35,2,6.51,39.61
7.27,88.12,58.55,6,6.57,60.46
7.32,93.84,63.8,8,8.39,72.75
4.24,67.1,71.0,5,6.96,59.37
3.64,91.06,52.5,5,6.21,47.07
8.28,55.53,76.7,5,8.9,68.39
8.29,92.32,86.61,7,5.0,79.86
8.8,56.37,81.79,8,6.4,70.81
9.22,69.86,37.38,3,4.69,52.79
5.6,89.86,63.83,6,7.83,55.76
5.51,57.5,41.3,5,8.63,43.73
8.18,61.46,49.52,4,5.76,57.74
6.85,86.11,94.2,8,8.36,84.81
7.32,86.0,43.55,7,5.81,52.24
8.16,82.06,64.93,8,8.6,70.21
9.01,84.7,72.09,6,7.89,73.93
4.04,77.14,77.15,7,8.12,70.14
4.38,62.59,68.58,6,4.58,42.45
1.85,67.28,35.59,8,8.83,42.61
6.2,59.08,54.59,3,7.77,42.83
1.32,95.42,66.06,6,5.87,49.4
5.19,79.17,40.27,7,8.23,46.21
5.88,70.04,56.04,7,5.77,55.23
3.58,73.1,36.99,6,8.43,33.32
6.32,97.36,39.71,8,5.01,52.5
1.27,57.67,58.82,9,7.67,53.49
1.34,79.31,42.96,8,6.93,33.31
8.4,75.29,69.05,6,4.93,65.85
4.24,80.57,76.37,2,5.59,52.48
2.14,50.91,83.04,6,4.56,52.76
5.7,93.61,47.01,3,6.61,48.29
7.93,96.61,45.05,6,5.86,53.73
2.94,78.26,41.27,6,7.19,41.54
6.61,84.83,73.19,3,5.84,69.27
1.77,96.12,77.39,6,5.85,57.2
1.47,85.36,36.9,5,7.84,37.32
5.78,57.63,91.17,2,4.72,56.21
5.87,78.81,38.12,4,8.56,41.2
6.74,80.34,67.48,2,8.34,62.69
7.53,71.21,77.54,6,7.51,76.47
9.78,86.82,87.26,5,7.17,84.47
5.65,96.72,77.85,8,8.52,73.76
3.91,96.28,83.1,6,5.33,65.92
8.16,72.54,55.37,5,4.86,49.95
3.44,55.66,83.89,3,5.58,55.89
4.95,99.24,39.81,5,8.08,51.76
1.71,91.94,88.69,3,4.66,55.68
1.23,56.23,67.86,9,7.12,47.26
9.66,96.04,84.04,4,8.98,85.29
8.52,93.49,62.14,10,8.35,73.82
7.26,75.94,73.61,5,6.85,66.07
4.68,79.56,66.58,7,4.79,64.38
2.56,69.95,78.9,6,8.24,58.21
2.41,52.74,39.9,2,7.2,25.71
3.25,66.76,38.62,10,5.02,35.98
5.94,90.14,49.83,2,4.92,48.85
7.43,50.23,44.57,9,8.59,52.75
6.94,66.67,87.31,10,7.51,76.07
3.52,69.91,48.15,10,8.23,55.25
9.59,76.87,93.55,2,8.46,87.73
7.64,95.99,55.21,3,7.07,56.54
5.99,67.32,45.93,2,6.83,34.67
6.51,67.35,82.38,3,6.44,68.28
4.78,86.88,74.52,9,5.93,63.63
3.23,72.61,64.89,6,6.46,54.26
4.2,61.23,68.32,8,7.98,50.25
7.82,72.62,78.15,3,7.21,71.13
1.13,57.04,48.71,9,8.52,35.76
2.04,58.82,94.78,7,6.5,65.97
1.41,74.92,93.49,9,7.23,67.68
1.37,70.95,74.02,2,7.34,43.25
8.7,95.74,46.97,2,7.16,54.32
7.33,68.12,75.81,8,7.66,74.03
5.27,79.03,39.33,9,5.57,46.61
1.88,81.61,36.84,4,6.81,34.22
5.42,50.65,50.46,6,4.97,50.15
5.26,83.18,62.76,2,6.23,45.52
2.56,58.9,87.1,8,6.69,68.25
4.9,98.05,78.63,6,7.44,69.98
4.59,57.43,79.56,9,8.78,63.44
6.54,70.73,60.53,9,7.2,56.63
6.72,54.27,55.76,10,7.85,57.99
1.41,99.84,57.26,8,6.78,54.38
4.37,75.11,94.26,2,7.35,66.35
6.63,79.77,37.41,4,4.82,47.25
5.53,53.35,87.02,9,5.64,62.27
8.71,87.5,69.72,4,6.13,67.83
6.93,60.5,61.32,9,6.63,55.47
2.47,94.9,78.52,2,4.71,54.69
1.64,60.26,64.2,6,5.13,45.66
6.78,59.53,87.41,5,5.75,66.05
1.24,51.83,89.04,6,8.87,48.25
6.27,73.6,60.3,9,5.99,60.68
9.46,78.24,51.61,5,6.67,61.89
6.18,53.29,70.54,5,5.38,56.71
4.49,88.78,89.74,4,7.25,74.81
6.79,72.66,47.64,8,5.76,48.15
5.12,76.22,72.38,4,5.43,59.44
5.91,72.04,72.89,4,6.82,65.07
9.47,70.04,78.99,6,4.52,64.55
4.47,77.98,42.89,6,4.53,41.7
9.65,57.76,77.95,7,5.49,69.83
9.15,59.1,89.54,9,4.67,78.22
2.76,93.09,45.78,7,4.99,43.95
1.62,97.31,49.25,2,6.02,35.46
1.91,68.67,93.28,9,8.11,66.16
1.16,63.54,45.86,9,7.07,38.4
1.85,82.2,86.26,10,6.81,62.56
7.15,70.44,64.54,10,5.82,60.55
1.64,51.27,49.83,3,8.69,36.59
3.87,57.81,87.24,3,6.29,53.34
8.6,85.8,61.72,4,4.89,63.68
1.21,82.95,65.89,2,7.28,46.34
8.33,51.35,56.55,5,5.01,45.15
3.54,61.1,70.58,5,6.05,48.1
2.06,61.55,44.81,10,6.78,45.27
7.27,83.59,58.46,10,8.43,64.5
6.66,50.99,93.16,10,6.72,74.98
8.9,55.21,50.49,8,7.66,60.68
7.62,90.0,74.4,3,8.97,74.21
8.23,58.93,54.51,6,5.09,52.6
3.54,82.64,81.41,5,5.74,58.22
2.6,61.91,42.85,9,6.28,44.51
7.76,54.97,93.19,3,6.4,77.87
8.26,62.16,62.23,7,6.35,65.68
9.91,86.11,49.16,6,8.58,66.06
4.71,92.78,39.41,3,7.71,39.72
4.35,91.51,45.19,2,7.24,39.59
7.99,69.86,66.19,9,5.89,68.77
4.07,83.4,55.22,3,8.21,50.51
9.38,60.25,84.73,8,8.8,87.24
8.73,64.66,60.85,10,8.2,71.98
4.86,94.82,49.92,10,4.51,47.81
7.76,50.65,72.03,9,7.36,71.87
7.79,54.28,77.41,10,4.73,64.79
1.93,60.39,45.02,3,5.66,27.71
9.12,51.33,45.06,7,4.77,51.02
5.55,59.07,37.2,5,7.22,47.01
8.44,79.15,79.18,5,7.59,86.64
3.88,71.07,74.83,6,5.02,58.21
9.06,94.63,63.48,4,6.23,66.2
4.5,90.87,85.65,2,6.55,66.56
1.1,67.09,83.34,9,6.16,61.6
9.15,62.97,70.12,6,5.04,64.03
1.82,68.98,87.1,4,6.39,63.39
3.87,79.51,47.35,8,7.88,50.16
9.55,63.4,41.72,8,4.82,55.08
9.56,81.21,51.18,2,4.86,56.79
6.16,70.47,38.43,10,6.1,50.08
6.69,77.6,66.87,3,8.74,65.05
5.04,71.81,91.2,6,7.51,69.21
3.64,64.72,37.36,6,7.55,34.85
3.96,97.42,42.33,9,6.13,44.55
7.05,88.18,62.13,9,7.17,69.36
7.77,57.01,91.03,8,4.55,77.01
8.12,93.42,53.97,8,7.36,67.77
8.11,74.37,65.43,7,8.61,75.65
1.82,94.73,37.49,7,7.26,39.26
5.45,89.99,43.9,10,8.43,59.64
1.52,71.26,94.2,7,7.76,61.38
5.95,51.12,92.91,3,5.04,61.7
4.97,63.43,35.3,3,8.56,39.56
8.99,77.08,92.11,6,4.8,82.84
4.16,81.67,73.35,5,6.9,58.17
2.05,62.89,87.08,3,5.14,52.13
2.29,56.97,62.28,4,4.55,32.55
7.85,91.75,65.94,8,6.4,68.6
6.56,99.22,64.33,9,5.83,71.3
1.91,76.28,75.01,7,6.69,57.91
1.76,58.58,43.38,6,7.1,35.59
7.31,63.62,36.8,2,4.7,36.81
1.65,50.92,53.48,9,5.05,38.21
8.4,95.71,77.28,4,7.01,71.56
7.36,55.89,47.11,7,6.04,52.18
1.73,78.83,75.41,4,7.78,55.3
1.76,63.7,93.19,8,7.44,67.1
9.88,77.71,40.63,8,8.31,59.33
4.37,82.57,75.36,10,7.62,60.13
4.34,91.49,61.63,6,6.43,60.3
8.32,60.32,87.09,9,7.53,77.66
9.53,50.55,45.63,9,5.74,51.83
9.87,56.84,76.56,2,5.88,68.34
7.78,95.0,85.29,6,8.05,79.44
4.39,93.69,91.68,4,6.51,74.77
1.75,79.87,75.99,2,8.09,54.53
7.99,80.03,64.83,5,8.2,68.98
6.03,83.25,72.07,9,8.36,65.73
4.82,58.77,87.13,4,8.62,70.19
9.16,95.72,69.24,3,6.44,70.64
2.0,70.94,36.82,10,5.93,35.07
5.43,69.16,90.86,6,7.12,71.98
1.1,75.95,76.37,8,6.17,47.61
5.22,52.35,75.59,3,7.2,56.95
1.51,58.31,47.94,10,7.68,37.34
2.07,86.9,74.53,10,7.6,57.74
2.06,54.14,58.63,5,6.19,33.11
6.84,80.16,74.07,5,5.25,68.39
7.71,62.27,41.4,7,6.44,46.52
6.25,69.46,74.47,7,5.14,69.05
9.66,64.43,94.96,2,8.51,78.45
4.37,67.78,37.89,10,6.06,36.02
3.57,85.95,93.63,3,5.2,60.2
8.82,64.86,59.41,6,4.61,63.24
3.01,78.32,87.25,10,7.41,69.97
9.67,73.8,81.94,5,7.37,75.32
1.11,83.18,69.02,4,6.03,47.37
9.73,96.84,79.31,8,4.82,82.92
1.39,86.63,87.71,7,6.34,67.26
9.02,60.75,59.25,9,5.9,69.53
5.75,51.56,54.62,4,7.55,45.38
9.94,63.11,75.06,6,7.23,68.07
1.66,79.75,83.47,5,6.14,55.24
5.98,52.57,80.74,5,5.48,61.24
9.72,74.82,82.87,5,8.95,76.89
5.71,79.84,61.13,9,6.54,57.12
6.66,66.71,84.07,7,7.6,73.78
7.26,88.55,42.21,4,5.13,47.51
5.09,55.33,67.67,6,6.69,54.48
6.65,53.76,35.35,7,4.62,35.48
6.26,86.41,54.48,6,6.77,55.56
9.11,74.77,56.99,7,8.84,63.65
1.41,84.42,58.77,9,6.23,52.48
3.53,71.74,76.73,8,4.68,62.28
9.55,62.32,58.31,6,4.64,51.75
9.01,90.96,61.92,7,6.25,65.43
5.1,89.97,49.25,5,5.22,41.69
6.58,84.73,57.4,10,4.61,57.93
3.5,63.61,48.64,5,7.9,41.58
2.69,79.51,39.39,2,6.56,26.22
5.17,68.05,71.21,8,5.8,56.64
4.18,54.58,75.09,8,8.55,57.3
6.25,95.87,72.17,5,5.02,64.99
1.7,56.84,62.81,4,8.8,44.01
9.77,97.51,57.79,9,5.91,69.37
9.88,72.3,86.8,6,8.5,84.13
